{"cameraMode":{"drawMode":0,"name":"Shaded","section":"Shading Mode"},"sceneLighting":true,"audioPlay":false,"sceneViewState":{"m_AlwaysRefresh":false,"showFog":true,"showSkybox":true,"showFlares":true,"showImageEffects":true,"showParticleSystems":true,"showVisualEffectGraphs":true,"m_FxEnabled":true},"in2DMode":false,"pivot":{"x":3.4424760341644289,"y":-8.558693885803223,"z":16.01934051513672},"rotation":{"x":0.32152965664863589,"y":0.19523414969444276,"z":-0.06783600896596909,"w":0.9241212010383606},"size":36.569969177246097,"orthographic":false}