{"cameraMode":{"drawMode":0,"name":"Shaded","section":"Shading Mode"},"sceneLighting":true,"audioPlay":false,"sceneViewState":{"m_AlwaysRefresh":false,"showFog":true,"showSkybox":true,"showFlares":true,"showImageEffects":true,"showParticleSystems":true,"showVisualEffectGraphs":true,"m_FxEnabled":true},"in2DMode":false,"pivot":{"x":3.0307087898254396,"y":-0.07986831665039063,"z":-11.68270492553711},"rotation":{"x":0.47915107011795046,"y":0.020816665142774583,"z":-0.011272197589278221,"w":0.8774685263633728},"size":15.845833778381348,"orthographic":false}