{"cameraMode":{"drawMode":0,"name":"Shaded","section":"Shading Mode"},"sceneLighting":true,"audioPlay":false,"sceneViewState":{"m_AlwaysRefresh":false,"showFog":true,"showSkybox":true,"showFlares":true,"showImageEffects":true,"showParticleSystems":true,"showVisualEffectGraphs":true,"m_FxEnabled":true},"in2DMode":false,"pivot":{"x":11.00870132446289,"y":-48.507503509521487,"z":23.66112518310547},"rotation":{"x":0.46232664585113528,"y":0.11227595061063767,"z":-0.05901707336306572,"w":0.8776789903640747},"size":36.497764587402347,"orthographic":false}